"Type","Region/Country","State","City","Relative URL","Full Production URL","H1 Title","Meta Title"
"Country Hub","United States","","","/locations/united-states","https://99puritypeptides.com/locations/united-states","Wholesale Peptide Supplier in United States — Research-Grade Bulk Supply","Wholesale Peptides United States | Bulk Research-Grade Supply"
"State Hub","United States","Alabama","Alabama","/locations/united-states/alabama","https://99puritypeptides.com/locations/united-states/alabama","Wholesale Peptide Supplier in Alabama — Research-Grade Bulk Supply","Wholesale Peptides Alabama | Bulk Research-Grade Supply"
"State Hub","United States","Alaska","Alaska","/locations/united-states/alaska","https://99puritypeptides.com/locations/united-states/alaska","Wholesale Peptide Supplier in Alaska — Research-Grade Bulk Supply","Wholesale Peptides Alaska | Bulk Research-Grade Supply"
"State Hub","United States","Arizona","Arizona","/locations/united-states/arizona","https://99puritypeptides.com/locations/united-states/arizona","Wholesale Peptide Supplier in Arizona — Research-Grade Bulk Supply","Wholesale Peptides Arizona | Bulk Research-Grade Supply"
"State Hub","United States","Arkansas","Arkansas","/locations/united-states/arkansas","https://99puritypeptides.com/locations/united-states/arkansas","Wholesale Peptide Supplier in Arkansas — Research-Grade Bulk Supply","Wholesale Peptides Arkansas | Bulk Research-Grade Supply"
"State Hub","United States","California","California","/locations/united-states/california","https://99puritypeptides.com/locations/united-states/california","Wholesale Peptide Supplier in California — Research-Grade Bulk Supply","Wholesale Peptides California | Bulk Research-Grade Supply"
"State Hub","United States","Colorado","Colorado","/locations/united-states/colorado","https://99puritypeptides.com/locations/united-states/colorado","Wholesale Peptide Supplier in Colorado — Research-Grade Bulk Supply","Wholesale Peptides Colorado | Bulk Research-Grade Supply"
"State Hub","United States","Connecticut","Connecticut","/locations/united-states/connecticut","https://99puritypeptides.com/locations/united-states/connecticut","Wholesale Peptide Supplier in Connecticut — Research-Grade Bulk Supply","Wholesale Peptides Connecticut | Bulk Research-Grade Supply"
"State Hub","United States","Delaware","Delaware","/locations/united-states/delaware","https://99puritypeptides.com/locations/united-states/delaware","Wholesale Peptide Supplier in Delaware — Research-Grade Bulk Supply","Wholesale Peptides Delaware | Bulk Research-Grade Supply"
"State Hub","United States","Florida","Florida","/locations/united-states/florida","https://99puritypeptides.com/locations/united-states/florida","Wholesale Peptide Supplier in Florida — Research-Grade Bulk Supply","Wholesale Peptides Florida | Bulk Research-Grade Supply"
"State Hub","United States","Georgia","Georgia","/locations/united-states/georgia","https://99puritypeptides.com/locations/united-states/georgia","Wholesale Peptide Supplier in Georgia — Research-Grade Bulk Supply","Wholesale Peptides Georgia | Bulk Research-Grade Supply"
"State Hub","United States","Hawaii","Hawaii","/locations/united-states/hawaii","https://99puritypeptides.com/locations/united-states/hawaii","Wholesale Peptide Supplier in Hawaii — Research-Grade Bulk Supply","Wholesale Peptides Hawaii | Bulk Research-Grade Supply"
"State Hub","United States","Idaho","Idaho","/locations/united-states/idaho","https://99puritypeptides.com/locations/united-states/idaho","Wholesale Peptide Supplier in Idaho — Research-Grade Bulk Supply","Wholesale Peptides Idaho | Bulk Research-Grade Supply"
"State Hub","United States","Illinois","Illinois","/locations/united-states/illinois","https://99puritypeptides.com/locations/united-states/illinois","Wholesale Peptide Supplier in Illinois — Research-Grade Bulk Supply","Wholesale Peptides Illinois | Bulk Research-Grade Supply"
"State Hub","United States","Indiana","Indiana","/locations/united-states/indiana","https://99puritypeptides.com/locations/united-states/indiana","Wholesale Peptide Supplier in Indiana — Research-Grade Bulk Supply","Wholesale Peptides Indiana | Bulk Research-Grade Supply"
"State Hub","United States","Iowa","Iowa","/locations/united-states/iowa","https://99puritypeptides.com/locations/united-states/iowa","Wholesale Peptide Supplier in Iowa — Research-Grade Bulk Supply","Wholesale Peptides Iowa | Bulk Research-Grade Supply"
"State Hub","United States","Kansas","Kansas","/locations/united-states/kansas","https://99puritypeptides.com/locations/united-states/kansas","Wholesale Peptide Supplier in Kansas — Research-Grade Bulk Supply","Wholesale Peptides Kansas | Bulk Research-Grade Supply"
"State Hub","United States","Kentucky","Kentucky","/locations/united-states/kentucky","https://99puritypeptides.com/locations/united-states/kentucky","Wholesale Peptide Supplier in Kentucky — Research-Grade Bulk Supply","Wholesale Peptides Kentucky | Bulk Research-Grade Supply"
"State Hub","United States","Louisiana","Louisiana","/locations/united-states/louisiana","https://99puritypeptides.com/locations/united-states/louisiana","Wholesale Peptide Supplier in Louisiana — Research-Grade Bulk Supply","Wholesale Peptides Louisiana | Bulk Research-Grade Supply"
"State Hub","United States","Maine","Maine","/locations/united-states/maine","https://99puritypeptides.com/locations/united-states/maine","Wholesale Peptide Supplier in Maine — Research-Grade Bulk Supply","Wholesale Peptides Maine | Bulk Research-Grade Supply"
"State Hub","United States","Maryland","Maryland","/locations/united-states/maryland","https://99puritypeptides.com/locations/united-states/maryland","Wholesale Peptide Supplier in Maryland — Research-Grade Bulk Supply","Wholesale Peptides Maryland | Bulk Research-Grade Supply"
"State Hub","United States","Massachusetts","Massachusetts","/locations/united-states/massachusetts","https://99puritypeptides.com/locations/united-states/massachusetts","Wholesale Peptide Supplier in Massachusetts — Research-Grade Bulk Supply","Wholesale Peptides Massachusetts | Bulk Research-Grade Supply"
"State Hub","United States","Michigan","Michigan","/locations/united-states/michigan","https://99puritypeptides.com/locations/united-states/michigan","Wholesale Peptide Supplier in Michigan — Research-Grade Bulk Supply","Wholesale Peptides Michigan | Bulk Research-Grade Supply"
"State Hub","United States","Minnesota","Minnesota","/locations/united-states/minnesota","https://99puritypeptides.com/locations/united-states/minnesota","Wholesale Peptide Supplier in Minnesota — Research-Grade Bulk Supply","Wholesale Peptides Minnesota | Bulk Research-Grade Supply"
"State Hub","United States","Mississippi","Mississippi","/locations/united-states/mississippi","https://99puritypeptides.com/locations/united-states/mississippi","Wholesale Peptide Supplier in Mississippi — Research-Grade Bulk Supply","Wholesale Peptides Mississippi | Bulk Research-Grade Supply"
"State Hub","United States","Missouri","Missouri","/locations/united-states/missouri","https://99puritypeptides.com/locations/united-states/missouri","Wholesale Peptide Supplier in Missouri — Research-Grade Bulk Supply","Wholesale Peptides Missouri | Bulk Research-Grade Supply"
"State Hub","United States","Montana","Montana","/locations/united-states/montana","https://99puritypeptides.com/locations/united-states/montana","Wholesale Peptide Supplier in Montana — Research-Grade Bulk Supply","Wholesale Peptides Montana | Bulk Research-Grade Supply"
"State Hub","United States","Nebraska","Nebraska","/locations/united-states/nebraska","https://99puritypeptides.com/locations/united-states/nebraska","Wholesale Peptide Supplier in Nebraska — Research-Grade Bulk Supply","Wholesale Peptides Nebraska | Bulk Research-Grade Supply"
"State Hub","United States","Nevada","Nevada","/locations/united-states/nevada","https://99puritypeptides.com/locations/united-states/nevada","Wholesale Peptide Supplier in Nevada — Research-Grade Bulk Supply","Wholesale Peptides Nevada | Bulk Research-Grade Supply"
"State Hub","United States","New Hampshire","New Hampshire","/locations/united-states/new-hampshire","https://99puritypeptides.com/locations/united-states/new-hampshire","Wholesale Peptide Supplier in New Hampshire — Research-Grade Bulk Supply","Wholesale Peptides New Hampshire | Bulk Research-Grade Supply"
"State Hub","United States","New Jersey","New Jersey","/locations/united-states/new-jersey","https://99puritypeptides.com/locations/united-states/new-jersey","Wholesale Peptide Supplier in New Jersey — Research-Grade Bulk Supply","Wholesale Peptides New Jersey | Bulk Research-Grade Supply"
"State Hub","United States","New Mexico","New Mexico","/locations/united-states/new-mexico","https://99puritypeptides.com/locations/united-states/new-mexico","Wholesale Peptide Supplier in New Mexico — Research-Grade Bulk Supply","Wholesale Peptides New Mexico | Bulk Research-Grade Supply"
"State Hub","United States","New York","New York","/locations/united-states/new-york","https://99puritypeptides.com/locations/united-states/new-york","Wholesale Peptide Supplier in New York — Research-Grade Bulk Supply","Wholesale Peptides New York | Bulk Research-Grade Supply"
"State Hub","United States","North Carolina","North Carolina","/locations/united-states/north-carolina","https://99puritypeptides.com/locations/united-states/north-carolina","Wholesale Peptide Supplier in North Carolina — Research-Grade Bulk Supply","Wholesale Peptides North Carolina | Bulk Research-Grade Supply"
"State Hub","United States","North Dakota","North Dakota","/locations/united-states/north-dakota","https://99puritypeptides.com/locations/united-states/north-dakota","Wholesale Peptide Supplier in North Dakota — Research-Grade Bulk Supply","Wholesale Peptides North Dakota | Bulk Research-Grade Supply"
"State Hub","United States","Ohio","Ohio","/locations/united-states/ohio","https://99puritypeptides.com/locations/united-states/ohio","Wholesale Peptide Supplier in Ohio — Research-Grade Bulk Supply","Wholesale Peptides Ohio | Bulk Research-Grade Supply"
"State Hub","United States","Oklahoma","Oklahoma","/locations/united-states/oklahoma","https://99puritypeptides.com/locations/united-states/oklahoma","Wholesale Peptide Supplier in Oklahoma — Research-Grade Bulk Supply","Wholesale Peptides Oklahoma | Bulk Research-Grade Supply"
"State Hub","United States","Oregon","Oregon","/locations/united-states/oregon","https://99puritypeptides.com/locations/united-states/oregon","Wholesale Peptide Supplier in Oregon — Research-Grade Bulk Supply","Wholesale Peptides Oregon | Bulk Research-Grade Supply"
"State Hub","United States","Pennsylvania","Pennsylvania","/locations/united-states/pennsylvania","https://99puritypeptides.com/locations/united-states/pennsylvania","Wholesale Peptide Supplier in Pennsylvania — Research-Grade Bulk Supply","Wholesale Peptides Pennsylvania | Bulk Research-Grade Supply"
"State Hub","United States","Rhode Island","Rhode Island","/locations/united-states/rhode-island","https://99puritypeptides.com/locations/united-states/rhode-island","Wholesale Peptide Supplier in Rhode Island — Research-Grade Bulk Supply","Wholesale Peptides Rhode Island | Bulk Research-Grade Supply"
"State Hub","United States","South Carolina","South Carolina","/locations/united-states/south-carolina","https://99puritypeptides.com/locations/united-states/south-carolina","Wholesale Peptide Supplier in South Carolina — Research-Grade Bulk Supply","Wholesale Peptides South Carolina | Bulk Research-Grade Supply"
"State Hub","United States","South Dakota","South Dakota","/locations/united-states/south-dakota","https://99puritypeptides.com/locations/united-states/south-dakota","Wholesale Peptide Supplier in South Dakota — Research-Grade Bulk Supply","Wholesale Peptides South Dakota | Bulk Research-Grade Supply"
"State Hub","United States","Tennessee","Tennessee","/locations/united-states/tennessee","https://99puritypeptides.com/locations/united-states/tennessee","Wholesale Peptide Supplier in Tennessee — Research-Grade Bulk Supply","Wholesale Peptides Tennessee | Bulk Research-Grade Supply"
"State Hub","United States","Texas","Texas","/locations/united-states/texas","https://99puritypeptides.com/locations/united-states/texas","Wholesale Peptide Supplier in Texas — Research-Grade Bulk Supply","Wholesale Peptides Texas | Bulk Research-Grade Supply"
"State Hub","United States","Utah","Utah","/locations/united-states/utah","https://99puritypeptides.com/locations/united-states/utah","Wholesale Peptide Supplier in Utah — Research-Grade Bulk Supply","Wholesale Peptides Utah | Bulk Research-Grade Supply"
"State Hub","United States","Vermont","Vermont","/locations/united-states/vermont","https://99puritypeptides.com/locations/united-states/vermont","Wholesale Peptide Supplier in Vermont — Research-Grade Bulk Supply","Wholesale Peptides Vermont | Bulk Research-Grade Supply"
"State Hub","United States","Virginia","Virginia","/locations/united-states/virginia","https://99puritypeptides.com/locations/united-states/virginia","Wholesale Peptide Supplier in Virginia — Research-Grade Bulk Supply","Wholesale Peptides Virginia | Bulk Research-Grade Supply"
"State Hub","United States","Washington","Washington","/locations/united-states/washington","https://99puritypeptides.com/locations/united-states/washington","Wholesale Peptide Supplier in Washington — Research-Grade Bulk Supply","Wholesale Peptides Washington | Bulk Research-Grade Supply"
"State Hub","United States","West Virginia","West Virginia","/locations/united-states/west-virginia","https://99puritypeptides.com/locations/united-states/west-virginia","Wholesale Peptide Supplier in West Virginia — Research-Grade Bulk Supply","Wholesale Peptides West Virginia | Bulk Research-Grade Supply"
"State Hub","United States","Wisconsin","Wisconsin","/locations/united-states/wisconsin","https://99puritypeptides.com/locations/united-states/wisconsin","Wholesale Peptide Supplier in Wisconsin — Research-Grade Bulk Supply","Wholesale Peptides Wisconsin | Bulk Research-Grade Supply"
"State Hub","United States","Wyoming","Wyoming","/locations/united-states/wyoming","https://99puritypeptides.com/locations/united-states/wyoming","Wholesale Peptide Supplier in Wyoming — Research-Grade Bulk Supply","Wholesale Peptides Wyoming | Bulk Research-Grade Supply"
"City Page","United States","Alaska","Anchorage","/locations/united-states/alaska/anchorage","https://99puritypeptides.com/locations/united-states/alaska/anchorage","Research-Grade Peptides Wholesale in Anchorage","Wholesale Research Peptides in Anchorage, AK | 99 Purity Wholesale"
"City Page","United States","South Carolina","Charleston","/locations/united-states/south-carolina/charleston","https://99puritypeptides.com/locations/united-states/south-carolina/charleston","Research-Grade Peptides Wholesale in Charleston","Wholesale Research Peptides in Charleston, SC | 99 Purity Wholesale"
"City Page","United States","South Carolina","Columbia","/locations/united-states/south-carolina/columbia","https://99puritypeptides.com/locations/united-states/south-carolina/columbia","Research-Grade Peptides Wholesale in Columbia","Wholesale Research Peptides in Columbia, SC | 99 Purity Wholesale"
"City Page","United States","South Carolina","Greenville","/locations/united-states/south-carolina/greenville","https://99puritypeptides.com/locations/united-states/south-carolina/greenville","Research-Grade Peptides Wholesale in Greenville","Wholesale Research Peptides in Greenville, SC | 99 Purity Wholesale"
"City Page","United States","South Carolina","North Charleston","/locations/united-states/south-carolina/north-charleston","https://99puritypeptides.com/locations/united-states/south-carolina/north-charleston","Research-Grade Peptides Wholesale in North Charleston","Wholesale Research Peptides in North Charleston, SC | 99 Purity Wholesale"
"City Page","United States","South Carolina","Mount Pleasant","/locations/united-states/south-carolina/mount-pleasant","https://99puritypeptides.com/locations/united-states/south-carolina/mount-pleasant","Research-Grade Peptides Wholesale in Mount Pleasant","Wholesale Research Peptides in Mount Pleasant, SC | 99 Purity Wholesale"
"City Page","United States","South Carolina","Rock Hill","/locations/united-states/south-carolina/rock-hill","https://99puritypeptides.com/locations/united-states/south-carolina/rock-hill","Research-Grade Peptides Wholesale in Rock Hill","Wholesale Research Peptides in Rock Hill, SC | 99 Purity Wholesale"
"City Page","United States","South Carolina","Spartanburg","/locations/united-states/south-carolina/spartanburg","https://99puritypeptides.com/locations/united-states/south-carolina/spartanburg","Research-Grade Peptides Wholesale in Spartanburg","Wholesale Research Peptides in Spartanburg, SC | 99 Purity Wholesale"
"City Page","United States","South Carolina","Summerville","/locations/united-states/south-carolina/summerville","https://99puritypeptides.com/locations/united-states/south-carolina/summerville","Research-Grade Peptides Wholesale in Summerville","Wholesale Research Peptides in Summerville, SC | 99 Purity Wholesale"
"City Page","United States","South Carolina","Florence","/locations/united-states/south-carolina/florence","https://99puritypeptides.com/locations/united-states/south-carolina/florence","Research-Grade Peptides Wholesale in Florence","Wholesale Research Peptides in Florence, SC | 99 Purity Wholesale"
"City Page","United States","South Carolina","Myrtle Beach","/locations/united-states/south-carolina/myrtle-beach","https://99puritypeptides.com/locations/united-states/south-carolina/myrtle-beach","Research-Grade Peptides Wholesale in Myrtle Beach","Wholesale Research Peptides in Myrtle Beach, SC | 99 Purity Wholesale"
"City Page","United States","Florida","Miami","/locations/united-states/florida/miami","https://99puritypeptides.com/locations/united-states/florida/miami","Research-Grade Peptides Wholesale in Miami","Wholesale Research Peptides in Miami, FL | 99 Purity Wholesale"
"City Page","United States","Florida","Orlando","/locations/united-states/florida/orlando","https://99puritypeptides.com/locations/united-states/florida/orlando","Research-Grade Peptides Wholesale in Orlando","Wholesale Research Peptides in Orlando, FL | 99 Purity Wholesale"
"City Page","United States","Florida","Tampa","/locations/united-states/florida/tampa","https://99puritypeptides.com/locations/united-states/florida/tampa","Research-Grade Peptides Wholesale in Tampa","Wholesale Research Peptides in Tampa, FL | 99 Purity Wholesale"
"City Page","United States","Florida","Jacksonville","/locations/united-states/florida/jacksonville","https://99puritypeptides.com/locations/united-states/florida/jacksonville","Research-Grade Peptides Wholesale in Jacksonville","Wholesale Research Peptides in Jacksonville, FL | 99 Purity Wholesale"
"City Page","United States","Florida","Fort Lauderdale","/locations/united-states/florida/fort-lauderdale","https://99puritypeptides.com/locations/united-states/florida/fort-lauderdale","Research-Grade Peptides Wholesale in Fort Lauderdale","Wholesale Research Peptides in Fort Lauderdale, FL | 99 Purity Wholesale"
"City Page","United States","California","Los Angeles","/locations/united-states/california/los-angeles","https://99puritypeptides.com/locations/united-states/california/los-angeles","Research-Grade Peptides Wholesale in Los Angeles","Wholesale Research Peptides in Los Angeles, CA | 99 Purity Wholesale"
"City Page","United States","California","San Diego","/locations/united-states/california/san-diego","https://99puritypeptides.com/locations/united-states/california/san-diego","Research-Grade Peptides Wholesale in San Diego","Wholesale Research Peptides in San Diego, CA | 99 Purity Wholesale"
"City Page","United States","California","San Francisco","/locations/united-states/california/san-francisco","https://99puritypeptides.com/locations/united-states/california/san-francisco","Research-Grade Peptides Wholesale in San Francisco","Wholesale Research Peptides in San Francisco, CA | 99 Purity Wholesale"
"City Page","United States","California","San Jose","/locations/united-states/california/san-jose","https://99puritypeptides.com/locations/united-states/california/san-jose","Research-Grade Peptides Wholesale in San Jose","Wholesale Research Peptides in San Jose, CA | 99 Purity Wholesale"
"City Page","United States","California","Sacramento","/locations/united-states/california/sacramento","https://99puritypeptides.com/locations/united-states/california/sacramento","Research-Grade Peptides Wholesale in Sacramento","Wholesale Research Peptides in Sacramento, CA | 99 Purity Wholesale"
"City Page","United States","Texas","Houston","/locations/united-states/texas/houston","https://99puritypeptides.com/locations/united-states/texas/houston","Research-Grade Peptides Wholesale in Houston","Wholesale Research Peptides in Houston, TX | 99 Purity Wholesale"
"City Page","United States","Texas","Dallas","/locations/united-states/texas/dallas","https://99puritypeptides.com/locations/united-states/texas/dallas","Research-Grade Peptides Wholesale in Dallas","Wholesale Research Peptides in Dallas, TX | 99 Purity Wholesale"
"City Page","United States","Texas","Austin","/locations/united-states/texas/austin","https://99puritypeptides.com/locations/united-states/texas/austin","Research-Grade Peptides Wholesale in Austin","Wholesale Research Peptides in Austin, TX | 99 Purity Wholesale"
"City Page","United States","Texas","San Antonio","/locations/united-states/texas/san-antonio","https://99puritypeptides.com/locations/united-states/texas/san-antonio","Research-Grade Peptides Wholesale in San Antonio","Wholesale Research Peptides in San Antonio, TX | 99 Purity Wholesale"
"City Page","United States","Texas","Fort Worth","/locations/united-states/texas/fort-worth","https://99puritypeptides.com/locations/united-states/texas/fort-worth","Research-Grade Peptides Wholesale in Fort Worth","Wholesale Research Peptides in Fort Worth, TX | 99 Purity Wholesale"
"City Page","United States","Massachusetts","Boston","/locations/united-states/massachusetts/boston","https://99puritypeptides.com/locations/united-states/massachusetts/boston","Research-Grade Peptides Wholesale in Boston","Wholesale Research Peptides in Boston, MA | 99 Purity Wholesale"
"City Page","United States","Massachusetts","Cambridge","/locations/united-states/massachusetts/cambridge","https://99puritypeptides.com/locations/united-states/massachusetts/cambridge","Research-Grade Peptides Wholesale in Cambridge","Wholesale Research Peptides in Cambridge, MA | 99 Purity Wholesale"
"City Page","United States","Massachusetts","Worcester","/locations/united-states/massachusetts/worcester","https://99puritypeptides.com/locations/united-states/massachusetts/worcester","Research-Grade Peptides Wholesale in Worcester","Wholesale Research Peptides in Worcester, MA | 99 Purity Wholesale"
"City Page","United States","Massachusetts","Springfield","/locations/united-states/massachusetts/springfield","https://99puritypeptides.com/locations/united-states/massachusetts/springfield","Research-Grade Peptides Wholesale in Springfield","Wholesale Research Peptides in Springfield, MA | 99 Purity Wholesale"
"City Page","United States","Massachusetts","Lowell","/locations/united-states/massachusetts/lowell","https://99puritypeptides.com/locations/united-states/massachusetts/lowell","Research-Grade Peptides Wholesale in Lowell","Wholesale Research Peptides in Lowell, MA | 99 Purity Wholesale"
"City Page","United States","Arizona","Phoenix","/locations/united-states/arizona/phoenix","https://99puritypeptides.com/locations/united-states/arizona/phoenix","Research-Grade Peptides Wholesale in Phoenix","Wholesale Research Peptides in Phoenix, AZ | 99 Purity Wholesale"
"City Page","United States","Arizona","Tucson","/locations/united-states/arizona/tucson","https://99puritypeptides.com/locations/united-states/arizona/tucson","Research-Grade Peptides Wholesale in Tucson","Wholesale Research Peptides in Tucson, AZ | 99 Purity Wholesale"
"City Page","United States","Arizona","Scottsdale","/locations/united-states/arizona/scottsdale","https://99puritypeptides.com/locations/united-states/arizona/scottsdale","Research-Grade Peptides Wholesale in Scottsdale","Wholesale Research Peptides in Scottsdale, AZ | 99 Purity Wholesale"
"City Page","United States","Arizona","Mesa","/locations/united-states/arizona/mesa","https://99puritypeptides.com/locations/united-states/arizona/mesa","Research-Grade Peptides Wholesale in Mesa","Wholesale Research Peptides in Mesa, AZ | 99 Purity Wholesale"
"City Page","United States","Arizona","Tempe","/locations/united-states/arizona/tempe","https://99puritypeptides.com/locations/united-states/arizona/tempe","Research-Grade Peptides Wholesale in Tempe","Wholesale Research Peptides in Tempe, AZ | 99 Purity Wholesale"
"City Page","United States","Colorado","Denver","/locations/united-states/colorado/denver","https://99puritypeptides.com/locations/united-states/colorado/denver","Research-Grade Peptides Wholesale in Denver","Wholesale Research Peptides in Denver, CO | 99 Purity Wholesale"
"City Page","United States","Colorado","Boulder","/locations/united-states/colorado/boulder","https://99puritypeptides.com/locations/united-states/colorado/boulder","Research-Grade Peptides Wholesale in Boulder","Wholesale Research Peptides in Boulder, CO | 99 Purity Wholesale"
"City Page","United States","Colorado","Colorado Springs","/locations/united-states/colorado/colorado-springs","https://99puritypeptides.com/locations/united-states/colorado/colorado-springs","Research-Grade Peptides Wholesale in Colorado Springs","Wholesale Research Peptides in Colorado Springs, CO | 99 Purity Wholesale"
"City Page","United States","Colorado","Aurora","/locations/united-states/colorado/aurora","https://99puritypeptides.com/locations/united-states/colorado/aurora","Research-Grade Peptides Wholesale in Aurora","Wholesale Research Peptides in Aurora, CO | 99 Purity Wholesale"
"City Page","United States","Colorado","Fort Collins","/locations/united-states/colorado/fort-collins","https://99puritypeptides.com/locations/united-states/colorado/fort-collins","Research-Grade Peptides Wholesale in Fort Collins","Wholesale Research Peptides in Fort Collins, CO | 99 Purity Wholesale"
"City Page","United States","New York","New York City","/locations/united-states/new-york/new-york-city","https://99puritypeptides.com/locations/united-states/new-york/new-york-city","Research-Grade Peptides Wholesale in New York City","Wholesale Research Peptides in New York City, NY | 99 Purity Wholesale"
"City Page","United States","New York","Buffalo","/locations/united-states/new-york/buffalo","https://99puritypeptides.com/locations/united-states/new-york/buffalo","Research-Grade Peptides Wholesale in Buffalo","Wholesale Research Peptides in Buffalo, NY | 99 Purity Wholesale"
"City Page","United States","New York","Rochester","/locations/united-states/new-york/rochester","https://99puritypeptides.com/locations/united-states/new-york/rochester","Research-Grade Peptides Wholesale in Rochester","Wholesale Research Peptides in Rochester, NY | 99 Purity Wholesale"
"City Page","United States","New York","Albany","/locations/united-states/new-york/albany","https://99puritypeptides.com/locations/united-states/new-york/albany","Research-Grade Peptides Wholesale in Albany","Wholesale Research Peptides in Albany, NY | 99 Purity Wholesale"
"City Page","United States","New York","Syracuse","/locations/united-states/new-york/syracuse","https://99puritypeptides.com/locations/united-states/new-york/syracuse","Research-Grade Peptides Wholesale in Syracuse","Wholesale Research Peptides in Syracuse, NY | 99 Purity Wholesale"